ID,Name,Company,Email,Phone,Address,Tags,Notes,Created,Updated
EMSG36,asdfasdf,Test Company Edit,,,,,,2026-01-08T23:35:27.240233+00:00,2026-01-08T23:40:24.64162+00:00
9REUDT,User Tracking Test Person,,,,,,,2026-01-08T23:27:06.816958+00:00,2026-01-08T23:27:06.816958+00:00
KSJR2W,f,,,,,Priority,,2026-01-07T22:29:35.350244+00:00,2026-01-08T22:47:29.583048+00:00
YRGN7L,Edited Name Test,,,,,,,2026-01-08T19:15:47.194653+00:00,2026-01-08T19:15:47.194653+00:00
KHUYR4,ThisIsAnExtremelyLongNameWithoutAnySpacesAtAllToTestOverflowHandlingInTheUI,SuperLongCompanyNameWithLotsOfWordsAndSpacesThatCouldPotentiallyCauseOverflowIssues Inc Corporation LLC,averyveryveryverylongemailaddressthatkeepsgoingandgoing@extremelylongdomainname.com,+1-555-123-4567-890-123-456-789-012-345-678,"12345 Extremely Long Street Name That Goes On And On Boulevard, Very Long City Name With Multiple Words, SuperLongStateNameThatDoesNotActuallyExist 99999-8888-7777","vip, enterprise, priority, gold-member, long-term-customer, special-discount, premium-support, verified","This is an extremely long note that contains a lot of text without proper line breaks to test how the system handles very long continuous text. It should properly wrap or truncate without causing horizontal scrolling or breaking the layout. Adding even more text here to make sure we really stress test the UI components and ensure they handle edge cases correctly. Lorem ipsum dolor sit amet, consectetur adipiscing elit. Sed do eiusmod tempor incididunt ut labore et dolore magna aliqua.",2026-01-08T19:15:47.194653+00:00,2026-01-08T19:15:47.194653+00:00
5RMZ6W,asdfghjklasdfghjklasdfghjklasdfghjklasdfghjklasdfghjklasdfghjklasdfghjklasdfghjklasdfghjklasdfghjklasdfghjklasdfghjklasdfghjklasdfghjkl,asdfghjklasdfghjklasdfghjklasdfghjklasdfghjklasdfghjklasdfghjklasdfghjklasdfghjklasdfghjklasdfghjklasdfghjkl,email@gmail.com,asdfghjklasdfghjklasdfghjklasdfghjklasdfghjklasdfghjklasdfghjklasdfghjklasdfghjklasdfghjkl,asdfghjklasdfghjklasdfghjklasdfghjklasdfghjklasdfghjklasdfghjkl,"PRD, MVP ***PRD, MVP ***PRD, MVP ***PRD, MVP ***PRD, MVP ***PRD, MVP ***PRD, MVP ***PRD, MVP ***PRD, MVP ***PRD, MVP ***PRD, MVP ***PRD, MVP ***PRD, MVP ***PRD, MVP ***PRD, MVP ***PRD, MVP ***PRD, MVP ***PRD, MVP ***PRD, MVP ***, PRD, MVP ***PRD, MVP ***PRD, MVP ***PRD, MVP ***PRD, MVP ***PRD, MVP ***PRD, MVP ***PRD, MVP ***",asdfghjklasdfghjklasdfghjklasdfghjklasdfghjklasdfghjklasdfghjklasdfghjklasdfghjklasdfghjklasdfghjklasdfghjklasdfghjklasdfghjklasdfghjklasdfghjklasdfghjklasdfghjklasdfghjklasdfghjklasdfghjkl,2026-01-06T22:57:57.553277+00:00,2026-01-07T22:30:57.655937+00:00
FW74ZZ,q,,,,,,,2026-01-07T22:29:40.191694+00:00,2026-01-07T22:29:40.191694+00:00
EFCG8Y,e,,,,,,,2026-01-07T22:29:37.824213+00:00,2026-01-07T22:29:37.824213+00:00
QQWJ78,a,,,,,,,2026-01-07T22:29:33.360908+00:00,2026-01-07T22:29:33.360908+00:00
KSA9PJ,as,,,,,,,2026-01-07T22:29:30.40355+00:00,2026-01-07T22:29:30.40355+00:00
R68LH6,Import Test Person 2,Another Corp,import2@test.com,444-555-6666,200 Import Ave,imported,Second import test,2026-01-07T21:41:56.409322+00:00,2026-01-07T21:41:56.409322+00:00
GNHE4R,Test Person from Playwright,Test Company LLC,test@playwright.com,,,,,2026-01-07T21:29:24.18469+00:00,2026-01-07T21:29:24.18469+00:00
HPPJD5,Edited Name Test,,,,,,,2026-01-07T19:27:07.782375+00:00,2026-01-07T21:19:32.834642+00:00
3E34KR,ThisIsAnExtremelyLongNameWithoutAnySpacesAtAllToTestOverflowHandlingInTheUI,SuperLongCompanyNameWithLotsOfWordsAndSpacesThatCouldPotentiallyCauseOverflowIssues Inc Corporation LLC,averyveryveryverylongemailaddressthatkeepsgoingandgoing@extremelylongdomainname.com,+1-555-123-4567-890-123-456-789-012-345-678,"12345 Extremely Long Street Name That Goes On And On Boulevard, Very Long City Name With Multiple Words, SuperLongStateNameThatDoesNotActuallyExist 99999-8888-7777","vip, enterprise, priority, gold-member, long-term-customer, special-discount, premium-support, verified","This is an extremely long note that contains a lot of text without proper line breaks to test how the system handles very long continuous text. It should properly wrap or truncate without causing horizontal scrolling or breaking the layout. Adding even more text here to make sure we really stress test the UI components and ensure they handle edge cases correctly. Lorem ipsum dolor sit amet, consectetur adipiscing elit. Sed do eiusmod tempor incididunt ut labore et dolore magna aliqua.",2026-01-07T21:18:04.082056+00:00,2026-01-07T21:18:04.082056+00:00
AQV73H,asdfa asdfasdfa ,asdfasdf ,,,,,djasnfjasnfj as jj sd fjasd fjsadfjsafjsadfjsadjsj j jsdanfjnsdjfnsdajfsan a jsnfjansfajsf sfa djasnfjasnfj as jj sd fjasd fjsadfjsafjsadfjsadjsj j jsdanfjnsdjfnsdajfsan a jsnfjansfajsf sfa djasnfjasnfj as jj sd fjasd fjsadfjsafjsadfjsadjsj j jsdanfjnsdjfnsdajfsan a jsnfjansfajsf sfa djasnfjasnfj as jj sd fjasd fjsadfjsafjsadfjsadjsj j jsdanfjnsdjfnsdajfsan a jsnfjansfajsf sfa djasnfjasnfj as jj sd fjasd fjsadfjsafjsadfjsadjsj j jsdanfjnsdjfnsdajfsan a jsnfjansfajsf sfa djasnfjasnfj as jj sd fjasd fjsadfjsafjsadfjsadjsj j jsdanfjnsdjfnsdajfsan a jsnfjansfajsf sfa,2026-01-07T19:52:08.922645+00:00,2026-01-07T19:52:08.922645+00:00